{"accuracy": [0.8564742803573608, 0.925117015838623, 0.9375975131988525, 0.9430577158927917, 0.9297971725463867, 0.9453977942466736, 0.950078010559082, 0.9555382132530212, 0.9477379322052002, 0.9508580565452576, 0.948517918586731, 0.9461778402328491, 0.9539781808853149, 0.961778461933136, 0.9648985862731934, 0.9243369698524475, 0.9446178078651428, 0.9602184295654297, 0.9586583375930786, 0.9469578862190247], "loss": [0.4171751141548157, 0.21107083559036255, 0.17997723817825317, 0.16233381628990173, 0.16811895370483398, 0.16066928207874298, 0.1571475714445114, 0.15551266074180603, 0.1484653651714325, 0.15999415516853333, 0.16093042492866516, 0.17410160601139069, 0.13853883743286133, 0.1228136271238327, 0.11867818236351013, 0.19469484686851501, 0.1570681929588318, 0.13583919405937195, 0.12730717658996582, 0.13622991740703583], "precision": [0.8817734122276306, 0.927357017993927, 0.9356814622879028, 0.9458204507827759, 0.9280245304107666, 0.9488372206687927, 0.9548988938331604, 0.9498479962348938, 0.9435975551605225, 0.9466463327407837, 0.9547581672668457, 0.9434250593185425, 0.9456193447113037, 0.9601227045059204, 0.9589665532112122, 0.9131736755371094, 0.9432515501976013, 0.9530302882194519, 0.9515151381492615, 0.9476116895675659], "recall": [0.8274267911911011, 0.9244992136955261, 0.9414483904838562, 0.9414483904838562, 0.9337441921234131, 0.9429892301559448, 0.9460708498954773, 0.9630200266838074, 0.9537750482559204, 0.9568567276000977, 0.9429892301559448, 0.9506933689117432, 0.964560866355896, 0.964560866355896, 0.9722650051116943, 0.9399075508117676, 0.9476116895675659, 0.9691833853721619, 0.9676425457000732, 0.9476116895675659], "val_accuracy": [0.8981817960739136, 0.9309090971946716, 0.9490908980369568, 0.9054545164108276, 0.9236363768577576, 0.8909090757369995, 0.9381818175315857, 0.9490908980369568, 0.9490908980369568, 0.9163636565208435, 0.9490908980369568, 0.9345454573631287, 0.9200000166893005, 0.9636363387107849, 0.9490908980369568, 0.9563636183738708, 0.9454545378684998, 0.9527272582054138, 0.9454545378684998, 0.9527272582054138], "val_loss": [0.2451191246509552, 0.16955357789993286, 0.15848468244075775, 0.22846196591854095, 0.17971312999725342, 0.2658218741416931, 0.1904090791940689, 0.11607331037521362, 0.13002201914787292, 0.21368564665317535, 0.13750147819519043, 0.18288007378578186, 0.19646196067333221, 0.11234927177429199, 0.12459208816289902, 0.19032856822013855, 0.14674139022827148, 0.1493048071861267, 0.19211608171463013, 0.12098077684640884], "val_precision": [0.9826086759567261, 0.976190447807312, 0.969924807548523, 0.9829059839248657, 0.9836065769195557, 0.982300877571106, 0.9841269850730896, 0.956204354763031, 0.969924807548523, 0.9833333492279053, 0.9770992398262024, 0.984000027179718, 0.9834710955619812, 0.9640287756919861, 0.9770992398262024, 0.970370352268219, 0.9696969985961914, 0.9846153855323792, 0.984375, 0.9772727489471436], "val_recall": [0.8129496574401855, 0.8848921060562134, 0.9280575513839722, 0.8273381590843201, 0.8633093237876892, 0.798561155796051, 0.8920863270759583, 0.9424460530281067, 0.9280575513839722, 0.8489208817481995, 0.9208633303642273, 0.8848921060562134, 0.8561151027679443, 0.9640287756919861, 0.9208633303642273, 0.9424460530281067, 0.9208633303642273, 0.9208633303642273, 0.9064748287200928, 0.9280575513839722]}