{"accuracy": [0.8900156021118164, 0.9227769374847412, 0.9227769374847412, 0.9297971725463867, 0.9344773888587952, 0.9329172968864441, 0.9407176375389099, 0.9508580565452576, 0.9461778402328491, 0.9547581672668457, 0.9461778402328491, 0.9149765968322754, 0.9461778402328491, 0.9516380429267883, 0.9524180889129639, 0.9422776699066162, 0.9461778402328491, 0.9563182592391968, 0.9547581672668457, 0.9555382132530212, 0.9633385539054871, 0.9602184295654297, 0.9648985862731934, 0.9703587889671326, 0.9531981348991394, 0.9586583375930786, 0.9602184295654297, 0.9602184295654297, 0.9695788025856018, 0.9711388349533081, 0.9664586782455444, 0.9687987565994263, 0.9703587889671326, 0.9687987565994263, 0.9602184295654297, 0.9703587889671326, 0.9703587889671326, 0.9563182592391968, 0.9625585079193115, 0.9672386646270752, 0.9711388349533081, 0.975039005279541, 0.9789391756057739, 0.9664586782455444, 0.9703587889671326, 0.9703587889671326, 0.9672386646270752, 0.9758190512657166], "loss": [0.2832048535346985, 0.2088366448879242, 0.19823797047138214, 0.17612262070178986, 0.16978462040424347, 0.17581069469451904, 0.1518116593360901, 0.1391392946243286, 0.15544933080673218, 0.13469694554805756, 0.14614824950695038, 0.22386910021305084, 0.14897975325584412, 0.1313449591398239, 0.13744476437568665, 0.1716441661119461, 0.15287956595420837, 0.11604468524456024, 0.11912526190280914, 0.11777683347463608, 0.09465342015028, 0.10155803710222244, 0.1065937802195549, 0.0909067764878273, 0.13681113719940186, 0.12534169852733612, 0.11323212087154388, 0.11077705770730972, 0.0898943617939949, 0.08628000319004059, 0.10026463121175766, 0.08665640652179718, 0.09095797687768936, 0.08972814679145813, 0.10585493594408035, 0.09209322184324265, 0.09661435335874557, 0.12227331846952438, 0.09824934601783752, 0.090286985039711, 0.08821889758110046, 0.08194874227046967, 0.0749121829867363, 0.08736785501241684, 0.09881001710891724, 0.0853644460439682, 0.09091324359178543, 0.07431433349847794], "precision": [0.8883792161941528, 0.9296875, 0.9230769276618958, 0.931993842124939, 0.9286798238754272, 0.9271623492240906, 0.9497645497322083, 0.9507692456245422, 0.9434250593185425, 0.955315887928009, 0.9434250593185425, 0.9231975078582764, 0.9475308656692505, 0.9494640231132507, 0.9468085169792175, 0.9429892301559448, 0.939393937587738, 0.9611197710037231, 0.9525268077850342, 0.9567901492118835, 0.9630769491195679, 0.9628483057022095, 0.9660493731498718, 0.9678407311439514, 0.9608763456344604, 0.9447761178016663, 0.9628483057022095, 0.9557926654815674, 0.9692307710647583, 0.9693251252174377, 0.973437488079071, 0.9648854732513428, 0.9721792936325073, 0.9720930457115173, 0.9671875238418579, 0.9678407311439514, 0.9664121866226196, 0.949924111366272, 0.953242838382721, 0.9605462551116943, 0.9736841917037964, 0.9782945513725281, 0.9784615635871887, 0.9647239446640015, 0.9692780375480652, 0.9664121866226196, 0.964777946472168, 0.9783281683921814], "recall": [0.8952234387397766, 0.9167950749397278, 0.9244992136955261, 0.929121732711792, 0.9429892301559448, 0.9414483904838562, 0.9322034120559692, 0.9522342085838318, 0.9506933689117432, 0.955315887928009, 0.9506933689117432, 0.9075500965118408, 0.9460708498954773, 0.955315887928009, 0.9599383473396301, 0.9429892301559448, 0.955315887928009, 0.9522342085838318, 0.9583975076675415, 0.955315887928009, 0.964560866355896, 0.9583975076675415, 0.964560866355896, 0.973805844783783, 0.9460708498954773, 0.9753466844558716, 0.9583975076675415, 0.9661017060279846, 0.9707241654396057, 0.973805844783783, 0.9599383473396301, 0.973805844783783, 0.9691833853721619, 0.9661017060279846, 0.9537750482559204, 0.973805844783783, 0.9753466844558716, 0.964560866355896, 0.973805844783783, 0.9753466844558716, 0.9691833853721619, 0.9722650051116943, 0.9799692034721375, 0.9691833853721619, 0.9722650051116943, 0.9753466844558716, 0.9707241654396057, 0.973805844783783], "val_accuracy": [0.5054545402526855, 0.5054545402526855, 0.5054545402526855, 0.5054545402526855, 0.5054545402526855, 0.5054545402526855, 0.5090909004211426, 0.5163636207580566, 0.5600000023841858, 0.5745454430580139, 0.7127272486686707, 0.9745454788208008, 0.9709091186523438, 0.9599999785423279, 0.9672726988792419, 0.9527272582054138, 0.9527272582054138, 0.9709091186523438, 0.9709091186523438, 0.9709091186523438, 0.9672726988792419, 0.9636363387107849, 0.9709091186523438, 0.9781818389892578, 0.9381818175315857, 0.9563636183738708, 0.9418181777000427, 0.9527272582054138, 0.9599999785423279, 0.9527272582054138, 0.9490908980369568, 0.9854545593261719, 0.9781818389892578, 0.9454545378684998, 0.9599999785423279, 0.9490908980369568, 0.9236363768577576, 0.9563636183738708, 0.9818181991577148, 0.9818181991577148, 0.9745454788208008, 0.9818181991577148, 0.9709091186523438, 0.9745454788208008, 0.9818181991577148, 0.9818181991577148, 0.9818181991577148, 0.9709091186523438], "val_loss": [0.8171616196632385, 1.1447402238845825, 1.3578298091888428, 1.940184235572815, 1.5999009609222412, 1.7025986909866333, 1.5288358926773071, 1.4364359378814697, 1.0740301609039307, 1.0003670454025269, 0.7628525495529175, 0.11392511427402496, 0.10827173292636871, 0.13087667524814606, 0.09862564504146576, 0.1357642263174057, 0.1674574613571167, 0.1318693310022354, 0.09387977421283722, 0.09286215901374817, 0.08944106847047806, 0.10148590058088303, 0.08847878128290176, 0.11603813618421555, 0.16906222701072693, 0.1020735576748848, 0.15208138525485992, 0.1419524997472763, 0.10354169458150864, 0.11050534248352051, 0.11425428837537766, 0.07894882559776306, 0.07422700524330139, 0.13125908374786377, 0.10451079905033112, 0.1428169310092926, 0.19494374096393585, 0.09553060680627823, 0.08086363971233368, 0.08010248839855194, 0.08368759602308273, 0.08662586659193039, 0.08642556518316269, 0.0869237557053566, 0.08392750471830368, 0.08281797170639038, 0.08668007701635361, 0.08653141558170319], "val_precision": [0.5054545402526855, 0.5054545402526855, 0.5054545402526855, 0.5054545402526855, 0.5054545402526855, 0.5054545402526855, 0.5072992444038391, 0.5110294222831726, 0.5346153974533081, 0.54296875, 0.6376146674156189, 0.97826087474823, 0.9580419659614563, 0.9324324131011963, 0.9710144996643066, 0.9846153855323792, 0.9375, 0.9455782175064087, 0.9645389914512634, 0.9645389914512634, 0.9642857313156128, 0.970802903175354, 0.9781022071838379, 0.9586206674575806, 0.9765625, 0.9774436354637146, 0.9694656729698181, 0.9632353186607361, 0.970588207244873, 0.9701492786407471, 0.9770992398262024, 0.978723406791687, 0.9784172773361206, 0.984375, 0.9776119589805603, 0.9844961166381836, 0.9836065769195557, 0.970370352268219, 0.9718309640884399, 0.9785714149475098, 0.97826087474823, 0.9785714149475098, 0.9781022071838379, 0.97826087474823, 0.9785714149475098, 0.9785714149475098, 0.9785714149475098, 0.9781022071838379], "val_recall": [1.0, 1.0, 1.0, 1.0, 1.0, 1.0, 1.0, 1.0, 1.0, 1.0, 1.0, 0.971222996711731, 0.9856114983558655, 0.9928057789802551, 0.9640287756919861, 0.9208633303642273, 0.971222996711731, 1.0, 0.9784172773361206, 0.9784172773361206, 0.971222996711731, 0.9568345546722412, 0.9640287756919861, 1.0, 0.8992805480957031, 0.935251772403717, 0.9136690497398376, 0.9424460530281067, 0.9496402740478516, 0.935251772403717, 0.9208633303642273, 0.9928057789802551, 0.9784172773361206, 0.9064748287200928, 0.9424460530281067, 0.9136690497398376, 0.8633093237876892, 0.9424460530281067, 0.9928057789802551, 0.9856114983558655, 0.971222996711731, 0.9856114983558655, 0.9640287756919861, 0.971222996711731, 0.9856114983558655, 0.9856114983558655, 0.9856114983558655, 0.9640287756919861],